mu,p,error,stability,x0,x1,x2,x3,x4,x5,x6,x7,x8,x9,x10,x11,x12,x13,x14,x15,x16,x17,x18,x19,x20,x21,x22,x23,x24,x25,x26,x27,x28,x29,x30,x31,x32,x33,x34,x35,x36,x37,x38,x39,x40,x41,x42,x43,x44,x45,x46,x47,x48,x49,x50,x51,x52,x53,x54,x55,x56,x57,x58,x59,x60,x61,x62,x63,x64,x65,x66,x67,x68,x69,x70,x71,x72,x73,x74,x75,x76,x77,x78,x79
3.001,2,error missing,S,0.6771498597806199,0.6560723994663
3.829,3,8.303477207802811e-15,S,0.15766328679170166,0.5085125458699118,0.9569725374990096
3.45,4,5.000955284288286e-11,S,0.8524277453188042,0.43399166093684655,0.8474680021510645,0.4459676568100242
3.739,5,1.5391250164373773e-14,S,0.9347494759229495,0.22805242761767083,0.658230452335963,0.8411371204623479,0.4996256137944966
3.627,6,2.1033193081443015e-14,S,0.7712782342388921,0.6398322498915858,0.8358310582359625,0.49768787367556,0.9067306103186356,0.30673615395439424
3.702,7,2.665381157132457e-14,S,0.6521854682437307, 0.8397601372116258, 0.49815240799749155, 0.9254873628668389, 0.2552917859583864, 0.7038164287080474, 0.7717147122649579
3.545,8,4.494095182639176e-13,S,0.8168710174147166, 0.5303063282534839, 0.882994011328324, 0.3662537569311375, 0.8228368360383003, 0.5167772575170839, 0.8852521662690798, 0.36010382392475865
3.6872,9,3.372855249428384e-12,S,0.7021564684141981, 0.7711143210725453, 0.6507798302458396, 0.8379731406591077, 0.5006264687149004, 0.9217985529102438, 0.2657954282686856, 0.719550511548735, 0.7440680107183013
3.673,10,4.923181713224939e-13,S,0.49950291356388077, 0.9182490924203406, 0.27572364994075904, 0.733498536367477, 0.7179922862978259, 0.7437067007200976, 0.7000996727006105, 0.7711835243783038, 0.6481357291964635, 0.8376489744662419
3.68172,11,1.702985928222825e-13,S,0.7013353082604853, 0.7711881428644457, 0.6496652335294294, 0.8379606423178403, 0.4999135296976349, 0.9204299724713629, 0.26964415920942897, 0.7250638969792779, 0.7339370471142393, 0.7189421957416287, 0.7439442295413795
3.5821,12,3.4929354178814234e-12,S,0.44386998547522855, 0.8842393126457151, 0.3666642955271204, 0.83184095722636, 0.5010698045195205, 0.8955209003520794, 0.3351528009936638, 0.7981828688496175, 0.5770296593252319, 0.8742703645779016, 0.3937505007892514, 0.8550868304167524
3.6797028,13,6.387767837167712e-11,S,0.7438757736281235, 0.7010739299839948, 0.7711526468368783, 0.6493801222379918, 0.8378152628608997, 0.5000011375077803, 0.9199256999952674, 0.2710557633920168, 0.7270523722840203, 0.7302267919700758, 0.7248853501742064, 0.7338305421600892, 0.7187316113173883
3.5973,14,1.4047112682701677e-11,S, 0.4385883747708728, 0.8857581869790159, 0.36401302156600474, 0.8328020797444435, 0.5008980370895567, 0.8993220988833268, 0.32570623781066527, 0.7900450855147483, 0.5966979947368768, 0.8656884384858237, 0.41826514313999374, 0.8752929250110982, 0.3926640744766325, 0.8578805034338048
3.67898,15,2.7482791317438677e-13,U,0.8379379940165173, 0.4995978030258959, 0.9197444048793437, 0.271562564299483, 0.7277623510669756, 0.7288953792884478, 0.7269918526092161, 0.7301844475716261, 0.7248146865313165, 0.7338033052051051, 0.7186372905338555, 0.7438814238020015, 0.7009260798493087, 0.7712198331212673, 0.6491185032095884
3.6791,17,5.534695014387281e-13,U,0.2717183220794255, 0.7280478112068497, 0.7284404457816319, 0.7277810293839506, 0.7288878495398718, 0.7270282472683881, 0.7301474714300086, 0.724900951404039, 0.733684510765962, 0.7188650495008233, 0.7435390833126716, 0.7015628509857337, 0.7703020597618188, 0.6509681679609076, 0.8359232053750648, 0.5046091682931145, 0.9196968396089333
3.6413,18,2.8226317257463204e-14,U,0.43869809476046184, 0.896641272846308, 0.33746002886737, 0.8141246133196213, 0.551022370842245, 0.9008456680650123, 0.3252509310079024, 0.7991297584982305, 0.5845065285979317, 0.8843211899531619, 0.3724948779387066, 0.851126360784213, 0.46139013805765366, 0.904896836023417, 0.31336500604657513, 0.78348897726924, 0.6176882833509957, 0.8598910576896511
3.6805,19,2.625376298456306e-11,U,0.8921867343723582, 0.35402569538973483, 0.8416990745595644, 0.4903962330694553, 0.9197855388761569, 0.27154766302034805, 0.7280379741658752, 0.7287341503462003, 0.7275637738969116, 0.7295293093844517, 0.7262226279193346, 0.7317692388928635, 0.7224196547530755, 0.7380488143692335, 0.7115612304578289, 0.7553926133460674, 0.6800629633241444, 0.8007933602638775, 0.587125705947105
3.591,20,3.099663712744078e-14,U,0.820691047381048, 0.5284416923975603, 0.8948451328496232, 0.3379034799442835, 0.8033954630053036, 0.5672027341628205, 0.8815322989430594, 0.3750192795638372, 0.8416579318936546, 0.4785720585487758, 0.8961011683806605, 0.3343359770872452, 0.7991965545608929, 0.5762887854643562, 0.876850456173633, 0.38776958765107356, 0.852518965347468, 0.4514977912416294, 0.889302300862304, 0.35351139328904835
3.6797,21,1.3753686048480819e-13,U,0.7340256597778313, 0.7183951556840573, 0.7444163949165579, 0.7001020251094864, 0.7725867929793995, 0.6465101913469102, 0.8409393704707407, 0.4921979439361968, 0.9197010090115592, 0.271749756648709, 0.7282193506411583, 0.7282712402355774, 0.7281840787709614, 0.7283304767913891, 0.728084552037028, 0.7284975753780746, 0.7278036609531214, 0.7289687791197706, 0.7270104653438616, 0.73029625506307, 0.7247670873559742
3.6505,22,1.384362423946319e-14,U,0.5876557517693225, 0.8845762707479964, 0.3727200362640965, 0.8534862094399785, 0.45648589778537574, 0.9057128618773157, 0.31174201756856484, 0.7832473814516113, 0.6197487467483901, 0.8602776975493193, 0.43879002935757266, 0.8989478158226761, 0.33161375723377895, 0.8091189903884483, 0.5638031144263671, 0.8977644080329549, 0.3350555780508555, 0.8133070791565324, 0.5542870799860438, 0.9018666587115227, 0.32308089004284135, 0.7983629939559448
3.6792,23,5.73722595849101e-13,U,0.6154339192575525, 0.8707746978401901, 0.4140061133660246, 0.8925925053374562, 0.35272904219072043, 0.8400028061362609, 0.49447745942218735, 0.9196877900864481, 0.27175365484957903, 0.7281269469210072, 0.7283274271288089, 0.7279907432875009, 0.7285559970120031, 0.7276065252008612, 0.7292000362286933, 0.7265218498106634, 0.7310123434535006, 0.7234532269556709, 0.7360925968119084, 0.7147224432600601, 0.7501678068684984, 0.689541198881591, 0.7876215535425148
3.6279,24,2.5624691961141652e-14,U,0.6289115102473526, 0.8466859139411567, 0.47093362513961207, 0.9039099536381957, 0.3151076009740867, 0.782954515758623, 0.6165135063446209, 0.8577248166406312, 0.44272335947404445, 0.8950732621021745, 0.3407219108392648, 0.8149369558076388, 0.5471407004367012, 0.8989129150511234, 0.3296617811046261, 0.8017110867248073, 0.5767287872525197, 0.8856164396847959, 0.36750613012567046, 0.843288573951643, 0.47943770542362985, 0.9054410950082815, 0.310611795288098, 0.7768498743084662
3.6814,25,3.47461569224787e-14,U,0.721313384361705, 0.7400364486609784, 0.7082369477009897, 0.7607148272158623, 0.6701170651312931, 0.8138109619339161, 0.5578155947782439, 0.9080443940614121, 0.3073960623896674, 0.7837837666510458, 0.6238749810133684, 0.8638588767952009, 0.43295737082548036, 0.9038031594142164, 0.3200719912971425, 0.8011680312743039, 0.5864389832768783, 0.8928436916088573, 0.3522136523518484, 0.8399452621252848, 0.494917177137805, 0.920254890706122, 0.27016258291988704, 0.7258791677589812, 0.7325198238290384
3.6287,26,2.3551609257889868e-14,U,0.3346222791946084, 0.8079308150719071, 0.56309663346175, 0.8927284734309312, 0.34750008289849205, 0.8227851373731713, 0.5290998582986499, 0.9041022104788837, 0.31461338282993856, 0.7824631205496686, 0.6176576665103283, 0.8569417211706154, 0.4448517955165699, 0.8961389459401765, 0.3377373897829813, 0.8116343964328591, 0.5547701815406894, 0.8962897244914416, 0.3373038281823239, 0.8111231501610411, 0.5559254960238852, 0.8958256561464084, 0.33863772260372565, 0.8126916911434974, 0.5523748887538685, 0.8972210078993758
3.6845,27,1.699317639597183e-14,U,0.696096910099656, 0.7794412438139943, 0.6334119424815816, 0.8555455189013262, 0.45535771630815813, 0.9137820365442203, 0.2902812184566586, 0.7590734413651583, 0.6738248675674134, 0.8097975208471981, 0.5675069402954479, 0.904334044542518, 0.3187607608718192, 0.8000977900987772, 0.5893037801941154, 0.8917405039791849, 0.3556993365539936, 0.8444038301202568, 0.4840917236265634, 0.9201925515839438, 0.2705831200917894, 0.7272020099129678, 0.7309283344348599, 0.7246383684965187, 0.7351962997244345, 0.7173084103457189, 0.7471320583848697
3.6579,28,2.139917100482673e-14,U,0.9134059746640929, 0.2893234298597996, 0.7521205087220307, 0.6819614976161129, 0.7933619799620937, 0.599671548916259, 0.8781358936291725, 0.39144375235782397, 0.8713686277818276, 0.4099969735971305, 0.8848440173162667, 0.3727220216764045, 0.8552181767518304, 0.45292134957418473, 0.9063676329057314, 0.3104289525227834, 0.7830203818099979, 0.621475247463942, 0.8604981652631484, 0.4390982403483996, 0.9009077599081898, 0.3265515898132586, 0.8044294524906046, 0.5754707352621926, 0.8936402165624316, 0.3476738109533361, 0.829599766460229, 0.5170953534673729
3.6978,29,5.589975737827656e-12,U,0.3370526107337713, 0.826266562899625, 0.5308196704687942, 0.9209376369502641, 0.2692423861425351, 0.7275455654611708, 0.7329890672297317, 0.7237189744322393, 0.7393744461671982, 0.7125655960079956, 0.7573681144486664, 0.6795138429229479, 0.8052875822199924, 0.579813162043691, 0.9008944932188117, 0.33015291570360406, 0.8177757471077447, 0.5510408849714141, 0.9148165952052041, 0.28815917184358564, 0.7585055434264594, 0.6773440861209873, 0.8081507699710144, 0.5733183861486767, 0.9045721590230932, 0.3191991551206388, 0.8035728172964859, 0.5836738592169819, 0.8985605384422202
3.6613,30,2.170071835062988e-14,U,0.6833553253696831, 0.7922351133224503, 0.6026449952916814, 0.8767495612925728, 0.39563922881951097, 0.875449157223596, 0.39922057435417707, 0.8781390335209592, 0.39179890319260163, 0.8724604131772588, 0.4074047158667225, 0.883933428831339, 0.37563152100536235, 0.8586937742690334, 0.4442576616695177, 0.9039485783150998, 0.3178943718524877, 0.793907285923276, 0.5990564407087076, 0.879399671056108, 0.3883024286016957, 0.8696453490583246, 0.415053447276246, 0.888905363748217, 0.36156296045865544, 0.8451568668057912, 0.479142385264808, 0.9137321877095431, 0.2886044506621647, 0.7517085389940029
3.6917,31,3.980486596709085e-14,U,0.8674286957663188, 0.4245312999773314, 0.9018988315273573, 0.3266317562701953, 0.811965241992211, 0.563640220009696, 0.9079733285134386, 0.3084701944854239, 0.7874999087494536, 0.6177831155750133, 0.8717105541933503, 0.4128474769443274, 0.894884462749495, 0.3472644160255021, 0.8368044368519655, 0.5041487828703428, 0.9228614569854848, 0.26280543436359016, 0.7152252991947827, 0.7519183331842421, 0.6886392092277237, 0.7915567737806164, 0.6091107407761625, 0.8789747438910728, 0.39271619233198496, 0.880434214533052, 0.3886245517168682, 0.8771313424939926, 0.39786170969288975, 0.8844123352284987, 0.377391993740287
3.6857,33,2.187205879525597e-14,U,0.4526033177748306, 0.9131452758724203, 0.2923164827612686, 0.7624517536088501, 0.6675505822007708, 0.8179556156210963, 0.5488163075926569, 0.9126418593741545, 0.29384868305003065, 0.764788774349602, 0.6630091656790199, 0.8234886234768941, 0.5357353306999109, 0.9167183100153429, 0.2813878997060387, 0.7452807884193806, 0.699683464991655, 0.7744632919455602, 0.6437808554956489, 0.8452307656558965, 0.48214749347142233, 0.9202503232208418, 0.27049229135986985, 0.7272852183696523, 0.7310270067474376, 0.7247063727004892, 0.7353231196920491, 0.7173220992325464, 0.7473534623809412, 0.6959201066137243, 0.7799505547914376, 0.6325681655040061, 0.856651334285762
3.6619,34,2.5760842929115993e-14,U,0.8618399664428866, 0.43602916607917597, 0.9004895253029304, 0.3281360483150715, 0.8073126618131518, 0.5696412380378841, 0.8977151437363885, 0.33624541492288357, 0.8172790856985163, 0.5468461078740064, 0.9074387487081648, 0.30757640571261446, 0.7798864159278635, 0.6286149155242816, 0.8549005954137946, 0.45424246317027106, 0.9078078889040543, 0.3064743924152042, 0.7783289323992013, 0.6317986124358863, 0.8518645956204527, 0.4620999447188733, 0.9102149948764949, 0.29926386315138587, 0.7679187518153158, 0.652622142408756, 0.8301764651415432, 0.5162674854854318, 0.9145059474334319, 0.2863049906819959, 0.7482522967945219, 0.6897950220332141, 0.7835654874920288, 0.62102387051765
3.7085,35,2.7985450677137364e-13,U,0.8504694994907974, 0.4716141353330595, 0.9241368490051729, 0.2599952707022493, 0.7135069813887147, 0.7580721704592678, 0.6801342823035305, 0.8067902581971517, 0.5780800064272428, 0.9045161764634589, 0.32029076965904457, 0.8073574813984745, 0.5767881176433709, 0.9052581449309197, 0.3180626026841745, 0.8043691384537833, 0.5835674370947698, 0.9012266289018113, 0.33012025749653723, 0.8201009278429808, 0.5471350160439818, 0.9188857894386057, 0.27641191791462005, 0.7417310384738808, 0.7104229005346807, 0.7629207895680258, 0.6707662537243356, 0.8189810109151426, 0.5497892587742906, 0.9179317386821559, 0.2793726596931253, 0.7466084842257512, 0.7015898115509634, 0.7764173003087046, 0.6437714060799417
3.7044,36,6.760630387164549e-14,U,0.6955679728689564, 0.7844184354945116, 0.6264368352137847, 0.8668804491916372, 0.4274830776418914, 0.9066196567975953, 0.31361618841218725, 0.7974131254076183, 0.5984289013949826, 0.8902108517756827, 0.3620513534401244, 0.8556059011275184, 0.45765803495772306, 0.9194585960817107, 0.2743274385798549, 0.7374419279197593, 0.7172508580590763, 0.7512599683731611, 0.6922354057690265, 0.7892059308592083, 0.6162637230467234, 0.8760266868877591, 0.40231240106368826, 0.8907494035372774, 0.3604933290264643, 0.8540045550998792, 0.4618674627934472, 0.9207134675451735, 0.27042186022082515, 0.7308554406835108, 0.7286768377434715, 0.7323854547317605, 0.7260512883896058, 0.7368081791504544, 0.7183642355632172, 0.7494633193862625
3.7579,37,1.683764990276881e-14,U,0.6870565779040738, 0.8079854651952008, 0.5830192197373644, 0.9135748360205653, 0.296708207544193, 0.7841701890326431, 0.6360144424432743, 0.8699541184900997, 0.4251460715024762, 0.9184190706329974, 0.28156246629233206, 0.7601669663504728, 0.6851145849569678, 0.810701501600232, 0.5767045335451403, 0.9173650741758999, 0.28487285123742534, 0.7655605524427548, 0.6744588466832128, 0.8250999720277926, 0.5423025797679132, 0.9327502069284579, 0.2357227643540499, 0.677014029784989, 0.8217250863850447, 0.5505059274179535, 0.9298891656539323, 0.24499743761162382, 0.695112641583694, 0.796415719454418, 0.6092973427241556, 0.8945834680932946, 0.35438457585799404, 0.8597930455159793, 0.45301095331250846, 0.9311776676257348, 0.24082809899775
3.7213,38,1.6423076104184925e-14,U,0.726100860597178, 0.7400861930355299, 0.7158241322848753, 0.7569866373224485, 0.6845624150729542, 0.8035652973152966, 0.587400172732403, 0.9018987700523559, 0.32925086909732076, 0.8218295097356294, 0.5448942054842292, 0.9228247582312642, 0.2650280976261982, 0.7248653476194155, 0.7421596068848701, 0.7121032225735499, 0.7629119853528306, 0.6730986516774841, 0.8188231551630895, 0.552061537456943, 0.9202387747767569, 0.27314108367159073, 0.7388084148878623, 0.7181012741442098, 0.7533095846705025, 0.6915450105789024, 0.7937923968526599, 0.6091248143276544, 0.88601092192776, 0.37583480776582695, 0.8729537366458661, 0.41271267556083435, 0.9019721287310669, 0.32903142066114277, 0.8215504516176754, 0.5455623291790086, 0.922599857170803, 0.26573565404442206
3.7402,39,1.7309828519345355e-13,U,0.7801627276956237, 0.6414773858471547, 0.8601867151888775, 0.4498171360594502, 0.9256309801595819, 0.2574688926979376, 0.715046431578123, 0.7620845716794818, 0.6781419353910163, 0.8163564392884057, 0.560725560140311, 0.9212576622139831, 0.2713215211736817, 0.7394605546537515, 0.7205818556693451, 0.753065500840001, 0.6955195591148587, 0.7920700159136077, 0.6159926347289623, 0.8847282596372271, 0.3814411785577961, 0.8824770226709728, 0.3879011057269437, 0.8880500405238959, 0.371840084457976, 0.8736173498277068, 0.41295576591005795, 0.9067116315660039, 0.3163672434507077, 0.8089267559028337, 0.5781012433345967, 0.9122355122922635, 0.2994474525716878, 0.7846142029280151, 0.6320741844899087, 0.8698074839015159, 0.4235493174255786, 0.9131896273794317, 0.29650185589577865
3.7517,40,2.7115415982386563e-12,U,0.931402486806549, 0.23970322013466094, 0.6837307664658729, 0.8112788835612572, 0.5744057417095176, 0.9171547844379832, 0.28506124103276925, 0.7646014493619191, 0.6752537500574864, 0.8226957479997096, 0.5472509280080836, 0.9295487662535697, 0.24569079464523239, 0.695290660877072, 0.7948410063014528, 0.6117851456895055, 0.8910440614499567, 0.36423207623911785, 0.8687701798117211, 0.42772589384874454, 0.918327820896292, 0.28138438160884877, 0.7586207949923292, 0.6869936124742879, 0.8067407651129287, 0.5849279334923871, 0.9108649112410642, 0.30460061570778013, 0.7946816447553816, 0.6121376075540026, 0.8907479614120982, 0.36510055219819637, 0.8696520848216722, 0.42528271817276403, 0.9169804886937517, 0.28560668654518306, 0.765480012159143, 0.6735065464072816, 0.8249818661400476, 0.5416959075878933
3.7145,41,1.1682080649457267e-12,U,0.28190460214369645, 0.7519425692682241, 0.6928468962809093, 0.7904830220824598, 0.6151940557640992, 0.8793348089894775, 0.39412740393798196, 0.886989144995782, 0.37233925744911256, 0.8680888084568193, 0.4253497317505373, 0.9079253449593614, 0.3105207331148353, 0.7952655627640435, 0.6047883801368027, 0.8878375441698586, 0.3698974850998021, 0.8657509051480234, 0.4317224999116451, 0.9113086806854678, 0.3002250909665811, 0.7803792519595002, 0.6366187761498593, 0.8592950090073123, 0.44910940995829635, 0.9190049941710223, 0.27648811979651017, 0.7430576411806475, 0.7091834205901121, 0.7660870105357931, 0.6656298671402113, 0.8267241821442403, 0.5321069865456877, 0.9247958757858504, 0.2583377692135018, 0.7116958457918491, 0.7621591954342325, 0.6733369101879353, 0.817020305171763, 0.5553107894311459, 0.9172612917085642
3.7341,42,1.6662184082640945e-14,U,0.7795374471376102, 0.6417380035104042, 0.8585081944733792, 0.45358812655341374, 0.925481517097667, 0.2575239936711322, 0.7139800331874694, 0.7625500657672718, 0.6761240134598514, 0.8176944572835413, 0.5566431526066357, 0.9215443390385518, 0.2699768124554938, 0.7359512790717427, 0.725636427938452, 0.743415256533953, 0.7122758890195163, 0.7652625217722909, 0.6707780204030346, 0.8246194796548969, 0.5400337324816754, 0.9275403589142551, 0.25096602868317064, 0.7019438891481625, 0.781243419350322, 0.6381656775092738, 0.8622419479396339, 0.44353927756204226, 0.9216213868112232, 0.26973423022936277, 0.7355343372329358, 0.7263704850827568, 0.7421762862473542, 0.7145224486454652, 0.7616821624592947, 0.6778229650508273, 0.8154489981366975, 0.5619519142243414, 0.9191933760456236, 0.27735742262369795, 0.7484267187765861, 0.7030719020122946
3.7789,43,1.5911689023326536e-14,U,0.7385503416985967, 0.7296819132094019, 0.7453737360134731, 0.7172039672680655, 0.7664457056791264, 0.6764483654425582, 0.827072630405649, 0.5404714831375388, 0.9385353849540513, 0.21799233163354598, 0.6441954125914301, 0.8661529132417934, 0.43809560154225324, 0.9302436711769927, 0.2452142698761502, 0.6994148032665728, 0.7944522658703603, 0.6170862949585679, 0.8929193023547822, 0.3613173386799574, 0.8720458676865457, 0.4216567373756701, 0.921531370934677, 0.27325718410813243, 0.7504430423036071, 0.7077059019724596, 0.781696672236236, 0.6448578910535596, 0.8654292856796274, 0.4400961249129356, 0.9311645146549874, 0.2422167628453718, 0.693608791404159, 0.8030753364685788, 0.5976154269299836, 0.9087167250962794, 0.31346216830595425, 0.8132330251701395, 0.5739584983645062, 0.9240549480097708, 0.2651933808974921, 0.736378566708168, 0.7335796170092292
3.7954,44,1.3493925627576575e-12,U,0.18992490130257722, 0.5839353202450056, 0.9221108832931291, 0.2725947453307332, 0.752577911054778, 0.7067201753846806, 0.7866602954001132, 0.6369663261310663, 0.8776491518860735, 0.40755429555980494, 0.9164137211341525, 0.2907261706154757, 0.7826284239360608, 0.6456779037366657, 0.8683038252165155, 0.434012690312631, 0.9323235947440314, 0.2394757328015075, 0.691245218874093, 0.8100342555548552, 0.5840314471559179, 0.9220496022846634, 0.27279108519038603, 0.7529166842164, 0.7060702207170438, 0.7876785824127749, 0.6347466174868933, 0.8799382470824464, 0.40097235206423, 0.911630504573631, 0.30575866776949956, 0.8056507150402922, 0.5942747763565421, 0.9151174964370137, 0.29481704744199205, 0.7890634929248913, 0.6317150942541658, 0.8830041137771919, 0.3920946094484251, 0.9046579818588939, 0.32736052850646974, 0.8357304291340018, 0.5210517886601257, 0.9471679629560076
3.7543,45,2.758547202197727e-14,U,0.4365331400256853, 0.9234525207367983, 0.26538381829572383, 0.7319204848727124, 0.7366420480329169, 0.728336231462192, 0.7428354292873931, 0.7171875116639442, 0.7614831101291323, 0.6818806809968891, 0.8143805705472889, 0.5675182221183624, 0.9214602338530404, 0.27170346376853305, 0.7429034802663216, 0.7170634132462882, 0.7616854288029252, 0.681483300487174, 0.8149226680561287, 0.5662374662580567, 0.9221033769105997, 0.26966663558106846, 0.7393963997602713, 0.7234136784460882, 0.7511841022735724, 0.7017032485199128, 0.7858343061999354, 0.6318439948694222, 0.8733146076056416, 0.4153614997320393, 0.9116804122158352, 0.3022933759660006, 0.7918272625395417, 0.6188469815950465, 0.8855469953199027, 0.38051149911115, 0.8849729748245753, 0.3821720044324037, 0.8864524141998398, 0.3778873078323873, 0.8825927195521867, 0.3890311191332982, 0.8923442024491295, 0.3606606844323465, 0.8656835953513567
3.803,46,2.0416690383179702e-14,U,0.4623133340446286, 0.945348656940467, 0.19648037401430865, 0.6004018067476474, 0.912413771798476, 0.3039162918001201, 0.8045291351767564, 0.5980674081657735, 0.9141757254818278, 0.2983775554073511, 0.7961519265481495, 0.6172042204361194, 0.8985088382175898, 0.3467982543949616, 0.8614906432209932, 0.4537911300265469, 0.9426296074969582, 0.2056625532466384, 0.6212788726694218, 0.894813327472462, 0.3579476258198157, 0.8740097307301065, 0.418773891176892, 0.9256590200904714, 0.26170115793520154, 0.7347915560938015, 0.741101734486356, 0.7296814336460318, 0.7501282076626683, 0.7128186506187466, 0.7785053680713467, 0.6557693921105522, 0.8584736143191788, 0.46205182778390047, 0.9452734374654139, 0.19673514507105286, 0.6009897167900085, 0.9119634962214688, 0.3053279538010818, 0.8066269272124458, 0.5931916643138879, 0.9177221380102563, 0.28715774322758214, 0.7784671547028882, 0.655850334387631, 0.8583776904506184
3.7891,47,1.982624642271734e-14,U,0.43848627656390843, 0.9329372798763703, 0.23706622253689139, 0.685318711409634, 0.8171458447359006, 0.5661616882401401, 0.9306887111570148, 0.2444243606597633, 0.6997751278790746, 0.7960516335761559, 0.6151733825863801, 0.8970129368835377, 0.3500398162643873, 0.8620655043352247, 0.4505564647486037, 0.938011926751649, 0.22031931117151654, 0.6508867187623841, 0.8610093109249585, 0.45345022639291144, 0.9390644696005989, 0.21682136376278607, 0.6434265404457912, 0.8693287702641532, 0.4304275867015783, 0.9289345408653122, 0.25013804143990837, 0.710717704207014, 0.7790315679725989, 0.6522609183976464, 0.859430827290337, 0.4577592021585709, 0.940514165697859, 0.21198980007314044, 0.6329696276450985, 0.8802802189193599, 0.3993217115642708, 0.9088682361866877, 0.31383889691956096, 0.8159601159831933, 0.5690061350742949, 0.9292318867528001, 0.2491711682369978, 0.7088833838153438, 0.781947973191809, 0.6460617853590156, 0.8664381695514508
3.8144,48,3.8112910656068504e-14,U,0.7519232326721582, 0.7115179018537326, 0.7829444198941136, 0.6482285013085889, 0.8697911910034339, 0.431997869654605, 0.9359611092481203, 0.22862716856957782, 0.6726953258970603, 0.8398405718421226, 0.5130687865285849, 0.952948526489136, 0.17102866484087687, 0.5407974716390389, 0.9472511841247082, 0.19059175338388237, 0.5884342784503046, 0.9237690209497889, 0.2686093495194972, 0.7493707945897282, 0.7163985104396147, 0.7749780740415458, 0.6651819970729964, 0.84952374447625, 0.4876067751692252, 0.9530141385924039, 0.17080192883384193, 0.5402282460449713, 0.947427111546922, 0.18999137275043693, 0.5870157568920418, 0.9247183475154754, 0.26553688236223616, 0.7439111660459377, 0.7266712094371468, 0.7576167490312414, 0.7004520443434902, 0.8003335093723852, 0.6095402928399881, 0.9078307254383338, 0.31916648470727477, 0.8288662200904826, 0.5410612322105943, 0.9471688270385357, 0.1908727290527243, 0.5890971961125566, 0.9233201089814327, 0.2700598454901824
3.7954,49,2.4300023146920772e-14,U,0.2783852950443591, 0.7624462258364939, 0.6874303573665809, 0.8155170709610237, 0.571014050843782, 0.9297098151933949, 0.24802739637680035, 0.7078793215764071, 0.784836296648304, 0.6409226855174678, 0.8734763798200204, 0.41945012531172515, 0.9242243733119087, 0.26580583320184437, 0.7406840462790336, 0.7289869940202706, 0.7498380361641103, 0.7119447592093567, 0.7783584270384125, 0.654769450871418, 0.8579365713738928, 0.46258870682777187, 0.9435379397264314, 0.2021965040465765, 0.6122476554742228, 0.9010297204603862, 0.33845541481715063, 0.849802763196593, 0.48443736714455127, 0.9479307710421953, 0.18733344563144258, 0.5778102756827322, 0.9258709822124817, 0.2604931287656861, 0.731132415090184, 0.7460914075286046, 0.7189968532461962, 0.7668240516793693, 0.6786362140354911, 0.8277353816592903, 0.5411842627226298, 0.9424124569752567, 0.20598098046744315, 0.6207483584275286, 0.8935124377247065, 0.3611245725304069, 0.8756504568195558, 0.4132687113290445, 0.9202998002044053
3.8068,50,2.8009804741841856e-13,U,0.687396415836046, 0.8180150182275103, 0.5667047949383098, 0.9347615304607637, 0.23214784459846827, 0.6785819823330218, 0.8302953448608162, 0.5363970975195532, 0.9466569466189648, 0.19223415723054005, 0.5911206121577014, 0.9200922691834938, 0.2798853973151305, 0.767258871422009, 0.6797905377860837, 0.8286465700509987, 0.5405329833136703, 0.9454457217274294, 0.1963475453211366, 0.6006947169865222, 0.9131012329928188, 0.3020595730641277, 0.8025480052551036, 0.6032434371521096, 0.9111225295933291, 0.3082680617174666, 0.8117577068753424, 0.5817061908735445, 0.9262861776861734, 0.25992866455615976, 0.7322979519397101, 0.7462761698919086, 0.7208101496721876, 0.7660913872156871, 0.6821609484094163, 0.8253804359677586, 0.5486648406686871, 0.9426844822605492, 0.20568311388402297, 0.6219457355583006, 0.8950899816162893, 0.3574733909841726, 0.8743692956722204, 0.41816795962707887, 0.9262078291566828, 0.2601829270163679, 0.7327624485673784, 0.7454538288095416, 0.7223495045482724, 0.7634944644883481
3.8396,51,1.663382875900249e-14,U,0.6997995523184668, 0.8066237012948693, 0.59890812552594, 0.9223378947139065, 0.2750332460432455, 0.7655776889345328, 0.6890872185818833, 0.8226190328633262, 0.5602627582119813, 0.9459561085351186, 0.19629244389951578, 0.6057419015229425, 0.9169680895471745, 0.29233797618469765, 0.794322947447796, 0.6272908204046227, 0.8976871418175413, 0.35264782099980674, 0.8765320527864193, 0.41553538533657963, 0.9325072525683301, 0.2416547346764615, 0.7036363566285023, 0.8006803666611227, 0.6127668211545639, 0.9110742796816885, 0.31107646930862104, 0.8228566111164174, 0.5596739518048787, 0.9462272591800074, 0.19536358285917643, 0.6035722702088115, 0.9187117846862274, 0.2867430226645715, 0.785280604027538, 0.6474140655574367, 0.8764620105418682, 0.4157378911942457, 0.9326384445964838, 0.24121893923689644, 0.7027710594018038, 0.8020306127222415, 0.6096421234743374, 0.9137426508366424, 0.3026258256865345, 0.810322374231933, 0.5901466123464352, 0.9286978295693393, 0.25425128907417577, 0.7280172299122241, 0.7602720653373737
3.8102,52,1.9452579128600545e-14,U,0.9076554394150332, 0.31935969615397375, 0.8282196710027676, 0.5420841935991547, 0.9458018334572346, 0.19531361548535786, 0.5988346822596357, 0.9153308446109629, 0.29529160310907826, 0.7928815581377978, 0.6257125410381562, 0.892334959539436, 0.36605840963925507, 0.8841936798460013, 0.39014625339921266, 0.9065690945339752, 0.32272992723330174, 0.8328156892221733, 0.5305083085422424, 0.949003630097308, 0.18439744915549725, 0.573035142926668, 0.9322258898637448, 0.24073140845701818, 0.6964275842032913, 0.8055380211058972, 0.5968545615831493, 0.9168072525998221, 0.2906104853693528, 0.7854957099362795, 0.6419889789463247, 0.875733052584114, 0.4146437698107263, 0.9247900790804002, 0.26501232168138755, 0.7421537700146196, 0.7291257841642962, 0.7525197391434832, 0.7095879536727449, 0.785178924240719, 0.6426777928497667, 0.8749859393083332, 0.4167808047822534, 0.9261627096483629, 0.2605618411576604, 0.734108826297244, 0.743724587494949, 0.7262177396311787, 0.7575650506990256, 0.6997822641974677, 0.80047366614461, 0.6085482874984731
3.8358,53,1.6050709526433565e-14,U,0.5936619249192182, 0.9253002290063929, 0.26512940359143183, 0.7473511729275453, 0.7242657723767957, 0.7660279148004898, 0.6874871679962118, 0.8241161134934449, 0.5559943959709022, 0.9469233386242353, 0.1927855028455434, 0.5969243296529358, 0.9229152455617539, 0.27288914975503514, 0.7611019741527308, 0.6974472467310262, 0.80940974421603, 0.5917320275444428, 0.9266726448832138, 0.2606443518688585, 0.7391926977680768, 0.7394918120202046, 0.738942596962775, 0.7399505047411717, 0.7380990404817618, 0.7414940750221201, 0.7352484904709062, 0.7466697230671834, 0.7255570962518906, 0.7637998251242073, 0.6920153441559299, 0.8175244667653739, 0.5722177894459788, 0.9389447337264116, 0.21989690403090026, 0.6580017841398974, 0.8631909262089835, 0.45297864042402725, 0.9504690145302047, 0.18058051487985272, 0.5675879002896198, 0.9414275889421666, 0.21151247041588261, 0.6397153350837469, 0.8840737461213571, 0.3931210060531106, 0.9151331988083968, 0.29790521003445714, 0.8022870898134783, 0.6084442443108619, 0.9138404008105704, 0.30201601928751515, 0.8085956287417543
3.8412,54,1.8949902958530553e-14,U,0.9241727732064112, 0.2691815334764328, 0.7556517557675761, 0.7092475409438769, 0.7921148503382625, 0.6325262332705756, 0.8928362265382279, 0.36752486025669434, 0.8928882358287878, 0.3673678897267732, 0.8927283880339564, 0.3678502641077193, 0.8932190013825899, 0.36636911167478836, 0.8917068683748154, 0.3709282792642225, 0.8963074936693004, 0.35700255101693446, 0.8817541036793497, 0.40049812516925776, 0.9222697265681287, 0.2753690135460879, 0.7664765816149204, 0.6875372770489153, 0.8252041114372414, 0.554063468615652, 0.9490727153968118, 0.18565939417429794, 0.5807509647320964, 0.935252616846203, 0.23260447878099874, 0.6856527988532299, 0.8279055066333082, 0.5472864118575488, 0.9517110585682752, 0.17653048768125287, 0.5583855434345643, 0.9472058420945276, 0.1920866379404094, 0.5961133752599705, 0.9248158359920777, 0.26708441888954043, 0.7519161755702424, 0.7165306893550644, 0.7802032659315759, 0.6587125216390232, 0.863541460626503, 0.45263781372499373, 0.9516835097031796, 0.17662608552739037, 0.5586230710981861, 0.9470990844571073, 0.19245337221246023, 0.5969803735542916
3.8383,55,1.0421551740009859e-12,U,0.17583331918865744, 0.5562309409815596, 0.9474386073629313, 0.1911423219644133, 0.5934277975298875, 0.9260714260117604, 0.2627820700175196, 0.7435848531768547, 0.7318349172099761, 0.7532762438920393, 0.7133524470896945, 0.7848583987053769, 0.648118805240545, 0.8753658436177879, 0.41876038560735185, 0.9342426999922114, 0.23579934904158534, 0.6916540449400395, 0.818589355067187, 0.5699907082986111, 0.9407723226758594, 0.21386915313038676, 0.645330072188165, 0.8785069186630857, 0.40967140282154557, 0.9282573297363025, 0.25561411996299027, 0.7303346114711938, 0.7559377042088212, 0.7081505805913214, 0.7932742647992049, 0.6294436061793747, 0.8952617994262385, 0.3599101362841804, 0.8842477103117362, 0.3928641956564179, 0.9155186833391633, 0.29687033419652514, 0.8012003660869036, 0.6113580503843051, 0.9119777179662446, 0.30811707560158086, 0.8182524147617014, 0.5708143217328017, 0.9403271991919672, 0.21537452705474214, 0.6486279460003929, 0.8747859307367759, 0.42043013314722955, 0.9352733266685092, 0.2323596702663141, 0.6846324042645385, 0.8287307126467024, 0.5447934038795613, 0.9518736466838619
3.8853,56,2.440253046605488e-14,U,0.7873149672445876, 0.6505939108181626, 0.883212123027356, 0.4007627456921361, 0.9330624387738473, 0.24266388729605443, 0.7140331494448999, 0.79333867244012, 0.6370043500573744, 0.8983971732763292, 0.35464898859199523, 0.8892405912552179, 0.3826700433620711, 0.9178387218590851, 0.2929935910121748, 0.8048334711924863, 0.6102895385227258, 0.9240650566004533, 0.27262694653654596, 0.7704607968089376, 0.6871190247453255, 0.8352869341380953, 0.5345499547300734, 0.9666871198305507, 0.12511882947552572, 0.42530089875878296, 0.949645198016818, 0.1857919218318883, 0.5877420888250928, 0.9414133413196026, 0.21429085455680522, 0.6541690652415769, 0.8789787984378585, 0.41329906077100975, 0.9421189945106532, 0.2118684966202818, 0.6487683138841858, 0.8853354968226972, 0.3944222707079203, 0.9280168938591207, 0.2595440178106454, 0.7466805309212243, 0.7348995049709822, 0.7569427813294146, 0.7148190757938442, 0.7920291465920829, 0.6399826434388808, 0.8951920007546892, 0.36453159965074156, 0.9000231885827208, 0.3496049222304778, 0.883444644859962, 0.40007013487642407, 0.9325264798956685, 0.24446635592776217, 0.7176248437297519
3.8625,57,1.6341916033037244e-14,U,0.7431221627514676, 0.7373188589940763, 0.7480880697777081, 0.7278970459612129, 0.7650180920078151, 0.694343899634225, 0.8197401080070417, 0.57074719211848, 0.9462925494433928, 0.1963036842024612, 0.6093810157654935, 0.9194132519692955, 0.28618237423018683, 0.7890393134904934, 0.6429373631799471, 0.8867099156751705, 0.38800914132021597, 0.917181708747486, 0.2933932670367136, 0.8007490036164914, 0.6162620172314937, 0.9134161411865318, 0.3054739013723654, 0.8194664432298492, 0.5714228527483936, 0.9459215227066489, 0.19758230795472423, 0.6123744214655588, 0.9168493090585851, 0.2944640742881311, 0.8024536227713178, 0.612290475955052, 0.9169221543003058, 0.29422948039199937, 0.8020809302177289, 0.6131607185503327, 0.9161643424893283, 0.29666796465614165, 0.8059341221437936, 0.6041116586075609, 0.9237584453184081, 0.2720311628323707, 0.7648916833456951, 0.6946026299141718, 0.8193514159627596, 0.5717066749359672, 0.9457646150726863, 0.19812271945339818, 0.6136357901793071, 0.9157481790226284, 0.298005206957061, 0.8080276750914241, 0.5991469496966443, 0.9276561706380999, 0.25921314639979165, 0.7416837820024168, 0.7400123175094444
3.802,58,3.323914658367008e-14,U,0.34780855905553065, 0.8624371836829415, 0.45106657253488314, 0.9413961858101142, 0.20975408599298037, 0.6302092903472775, 0.8860391457689965, 0.3839023037048533, 0.8992540773266775, 0.34444668296796505, 0.8585036354603791, 0.46184849506115155, 0.9449660470747657, 0.1977238348463994, 0.6031079141640862, 0.9100800180556529, 0.3111343081651895, 0.8148817112023776, 0.5735298292268983, 0.929943970741111, 0.24769338805284025, 0.7084699023045676, 0.7852662199655375, 0.6411053446044725, 0.8747994491148496, 0.4164154679300664, 0.9239378060468681, 0.2671921525690467, 0.7444335244756998, 0.7233390625312973, 0.760854959287332, 0.691791732198207, 0.8106469714124835, 0.5836011416968605, 0.9239272483047434, 0.2672261863264096, 0.7444937690411757, 0.7232270738139528, 0.761045098709581, 0.6914144453837587, 0.8111966593942235, 0.5823015421694913, 0.9247469863071021, 0.2645811709627769, 0.7397854607018917, 0.7318961506424019, 0.7460443145561328, 0.7203352664340394, 0.765921912129406, 0.6816436103411726, 0.8250552867220965, 0.5487771083024074, 0.941454257668901, 0.20955916214357048, 0.6297789431193802, 0.8864645333585489, 0.38265291526155615, 0.8981451737962829
3.8065,59,2.19571396207856e-14,U,0.9299531966582409, 0.2479563566132097, 0.7098132879594714, 0.7840567194406881, 0.6444852911051718, 0.8721605084904169, 0.4244116401100673, 0.9298761810257895, 0.24820842419780767, 0.7102967154644934, 0.783283646960936, 0.646154803825014, 0.8703134906382848, 0.42963173234613133, 0.9327763802429933, 0.2386850778049084, 0.6916962877894064, 0.8117457678076025, 0.5816886845110351, 0.9262240687592036, 0.2601097289801961, 0.7325710421823264, 0.7457341189024594, 0.7217685184957283, 0.7644164736833247, 0.6854894736254192, 0.8206572484204587, 0.5602365933733272, 0.9378133158046724, 0.2219931786689257, 0.6574290170622972, 0.8572851021096501, 0.4657152098926564, 0.9471506616313099, 0.1905392519079082, 0.5870918937781118, 0.9227527052581879, 0.27132789172443805, 0.7525795631427059, 0.7087838674418685, 0.7856969878733858, 0.6409279302585631, 0.8760253157676174, 0.41340478747944376, 0.9230810810899701, 0.2702706311225742, 0.7507347435966713, 0.7123182943176417, 0.780031565334917, 0.6531281102767936, 0.8623693575856006, 0.451787579911836, 0.9427770288436911, 0.20535497563547636, 0.6211610745579832, 0.8957455572065061, 0.35547173046566927, 0.8721132266260501, 0.4245455933185144
3.8535,60,1.7566789139571234e-14,U,0.7421676139341115, 0.7373859019952828, 0.7462223118728297, 0.7297549175795721, 0.7599590540872835, 0.7029604417781657, 0.8046380021386219, 0.6057535823707931, 0.920278148919969, 0.2827169505019483, 0.7814438524105877, 0.6581367908228973, 0.8670095828885643, 0.44432383324289176, 0.9514297837282469, 0.17807466792408333, 0.5640139844680588, 0.9475841654354881, 0.19139723662993802, 0.5963843627659332, 0.9275761954558391, 0.25887272384589205, 0.7393234030022581, 0.7426631238660762, 0.7364601431440003, 0.7479127158140929, 0.726536136048753, 0.7656186942235128, 0.6914978942066111, 0.8220615925283699, 0.5636758400368109, 0.9477505503289696, 0.19082318007478408, 0.5950177559096562, 0.9285841610295047, 0.25554722978054834, 0.7331007960093007, 0.7539912968304964, 0.7147796308412665, 0.7856119281620187, 0.6490289223852799, 0.877790230457851, 0.4133824467130218, 0.9344637288290425, 0.235993227517224, 0.6947876842047181, 0.8171645707696152, 0.575738468159494, 0.9412701079928283, 0.21302414582046295, 0.6460194646109243, 0.8812118905315869, 0.40337472512254424, 0.9273970140280882, 0.2594630620129154, 0.7404191255707433, 0.7406374748844361, 0.7402327094926676, 0.7409827532242891, 0.7395918992907691
3.7998,61,2.3918120434537654e-14,U,0.9176080923268549, 0.2872781079516304, 0.7780067573654462, 0.6562719804161979, 0.8571553431062106, 0.465247743372425, 0.9453609080491745, 0.19627358327781952, 0.5994194523306394, 0.912391912338948, 0.30372907384008907, 0.8035730539237481, 0.5997733548591683, 0.9121240460530246, 0.30456829777242794, 0.8048221478148948, 0.5968857244741144, 0.9142818716626001, 0.29779234297842266, 0.7945840186663194, 0.6202043285451366, 0.8950463835323691, 0.35694696078941457, 0.8721902391303413, 0.4235805235199983, 0.9277594097224625, 0.25466976771930483, 0.7212517304751548, 0.7639409431602956, 0.6852376113541792, 0.8195675664857648, 0.5619013923973019, 0.9353899933097222, 0.2296430170471432, 0.6722116053004354, 0.8372599507668189, 0.5177445061681771, 0.9487535664767205, 0.1847471749354948, 0.5723093707663665, 0.9300821943466343, 0.24709835734151742, 0.7069176765826084, 0.7872618484320657, 0.6363928995284063, 0.879262233045898, 0.40338737059143115, 0.9144826661873301, 0.2971600130110347, 0.7936107995896665, 0.6223794952447307, 0.8930413800940221, 0.3629510957336817, 0.8785806282701579, 0.4053501546729958, 0.915909137481026, 0.29265903564932627, 0.7865955511632038, 0.6378457896051353, 0.8777482457872622, 0.40774233740509447
3.8729,62,1.5708423901686777e-12,U,0.7460883674378803, 0.7336841721382006, 0.7567325447206714, 0.7129559662238272, 0.7925880417539513, 0.6366746978631026, 0.8958793324289968, 0.36126238528912025, 0.8936789338384036, 0.3679909405922568, 0.9007343273313747, 0.34628373053311223, 0.8767134406942321, 0.41861007878565343, 0.9425696738787775, 0.2096481472050738, 0.6417232699335798, 0.8904359242114234, 0.3778393071479615, 0.9104288036406447, 0.3158280127116743, 0.8368588620796852, 0.5287519599489403, 0.965023369614413, 0.13072302277777476, 0.44009510963316595, 0.9543267269781518, 0.1688089642962928, 0.5434162729988087, 0.9609246889935084, 0.14542131871516062, 0.48130061495249465, 0.9668707746712273, 0.12405549253432491, 0.42085149528492155, 0.943963272950475, 0.2048632896647512, 0.6308734204967426, 0.9018905412436001, 0.342689655943335, 0.8723841083976271, 0.43117025061579684, 0.9498770030211082, 0.18439141090936897, 0.5824501500985235, 0.94189692025856, 0.21195263154583086, 0.646885504617278, 0.8846658213047245, 0.39516053030742, 0.9256567384392432, 0.2665188071412597, 0.7570997920339607, 0.712225136263799, 0.7937914876767918, 0.6339416850738336, 0.8987437216608809, 0.35244723995630045, 0.8839049299542024, 0.39742539772283886, 0.9274760927527363, 0.26050748193454687
3.8786,63,6.275140620471804e-14,U,0.9418590448893233, 0.21239440284581124, 0.6488239232553801, 0.883744594667668, 0.3984876978052986, 0.9296820063586462, 0.25355716611426427, 0.7340868346488295, 0.7571157282196934, 0.7132415808287572, 0.793282410198444, 0.6360338805295678, 0.8978756666938136, 0.35564804801406497, 0.8888297266369181, 0.3832500654706662, 0.9167825595811951, 0.29590730713507574, 0.8080914655084707, 0.6014919261492369, 0.9296980498903921, 0.2535036899508407, 0.7339845928359519, 0.7573013443292864, 0.712871236215118, 0.7938944865824106, 0.6346399228920107, 0.8993390927872685, 0.3511230216061837, 0.8836833338773631, 0.3986700433634108, 0.9298254656297013, 0.2530789179965622, 0.7331716775665688, 0.7587742755131802, 0.7099229421865336, 0.7987292450720658, 0.6235269868046596, 0.9104667665831871, 0.3161719662523411, 0.8385814553972505, 0.5250173728397044, 0.9672225047145789, 0.12296376423882928, 0.41828248531372964, 0.943749670291866, 0.20590025212737564, 0.6341718051352623, 0.8998271585247819, 0.34961019048664754, 0.8819273360875333, 0.4038844744885033, 0.9338187398038595, 0.239702526039173, 0.7068563298774274, 0.8036864854615013, 0.611944247640433, 0.9210452675508553, 0.2820552155356091, 0.7854167750888136, 0.6536886340815611, 0.8780367068408229, 0.41535247978247614
3.9035,65,1.8327641326321093e-14,U,0.26594628565470546, 0.7620368153303722, 0.7078478373808547, 0.8072409758025335, 0.607396243312595, 0.9308522141613617, 0.2512541235472164, 0.7343478461074895, 0.7614990232012304, 0.7089468812857562, 0.8054528773265323, 0.6116727498475409, 0.9271952202611006, 0.2635028156189234, 0.7575486607275392, 0.7169507210998094, 0.7921465633418135, 0.6427127799068607, 0.8963726592784775, 0.3625910989107989, 0.9021722119943418, 0.34451319770000355, 0.8815034153011221, 0.40774065504735785, 0.9426492404951878, 0.21102965034184165, 0.6499176708514872, 0.8881426350910967, 0.38779435834759085, 0.9267295211562822, 0.2650551282227556, 0.7604053413550289, 0.7111749886593847, 0.8017989021769408, 0.6203341592939506, 0.9193511103327451, 0.28942362668642535, 0.8027844064767053, 0.618008378069923, 0.9215149476301624, 0.28232121882616684, 0.7909113539028239, 0.6455240753092578, 0.8932095792732723, 0.37234013618785833, 0.9122595011258154, 0.312444351915886, 0.8385611076758682, 0.5284416851575201, 0.9727173438739708, 0.10359230401768095, 0.36248267369233933, 0.9020558528116285, 0.344878484576935, 0.881946310870207, 0.40642077044393704, 0.9416917686504903, 0.2143348672102392, 0.6573315684536912, 0.8792507962363034, 0.4144300417785459, 0.9472927230127914, 0.19489871003501794, 0.6125106873706613, 0.926461941095083
3.9062,66,2.1227717860861908e-14,U,0.7421943385949908, 0.7474197389694719, 0.737426001327449, 0.7563531853274077, 0.7198464279278274, 0.7877537764951508, 0.6531079061773367, 0.8849807387655774, 0.39761143699092294, 0.9355996732526741, 0.23535997431534336, 0.7029818486141295, 0.8156081895080692, 0.5874591629086465, 0.9466710653588479, 0.1972043482957493, 0.6184092456236084, 0.9217821485017224, 0.2816363137796297, 0.7902918393703311, 0.6473770571980296, 0.8917073477641022, 0.3772035846526765, 0.9176485679239484, 0.29519025945020116, 0.8126965121011945, 0.5946052456731977, 0.9415889142697892, 0.2148379953276353, 0.6589080935685949, 0.8779114883640893, 0.41867787117667865, 0.9507171719286627, 0.18302121561340803, 0.5840724075618565, 0.948940315466115, 0.18926551935934705, 0.5993832752215904, 0.9379683243448541, 0.22727735202578395, 0.6860160520146821, 0.841387778508233, 0.5212995174573815, 0.9747778764181703, 0.0960377084510212, 0.3391146710207819, 0.8754415712327696, 0.4259462141869096, 0.9551285429745227, 0.16741195620065696, 0.5444664413720872, 0.9688264097683092, 0.11797426140917713, 0.4064648559884671, 0.9423753469518684, 0.21212248952087182, 0.6528296864868781, 0.885313226159414, 0.39661100826186385, 0.9347955203523509, 0.2380940440819461, 0.7086052666687155, 0.806567186425341, 0.609431887481561, 0.9297719347130834, 0.25505956384021977
3.8957,67,3.436951604304112e-14,U,0.2358294145135395, 0.7020592971010045, 0.8148715180007304, 0.5876894354057178, 0.9439692599605345, 0.20604862264566823, 0.6373076441034844, 0.900477851969184, 0.34912285611302535, 0.88524362588874, 0.39575383437771466, 0.9315894033480009, 0.2482752474553484, 0.7270726019391901, 0.773055046905579, 0.6834652752537834, 0.8427976577076716, 0.5161403809002814, 0.972910123808287, 0.10267512685492129, 0.3589223145386887, 0.8963892205203703, 0.3618154198163102, 0.8995366934241461, 0.35205608651841624, 0.888658249835245, 0.38545912036772617, 0.922814923219313, 0.277481130316858, 0.7810307882599236, 0.6662492213020085, 0.8662525128796648, 0.4513522834401108, 0.9647054351080877, 0.1326441383740131, 0.4481990030382173, 0.9634714995598164, 0.1371059245464111, 0.46089204707566817, 0.9679667918279884, 0.12079428835875006, 0.41373513718723526, 0.9449346554253812, 0.20270555181051286, 0.629607494347637, 0.9084846317359578, 0.32388968866436896, 0.8531004809605043, 0.4882093201308108, 0.9733834192726336, 0.10093033460028651, 0.3535090717859884, 0.8903248672547003, 0.3804014622687312, 0.9182016464968928, 0.29259583143609347, 0.8063456632663191, 0.6083226498931131, 0.9282136490533862, 0.2595824537768083, 0.7487512160903633, 0.7328701185451826, 0.7626670632822133, 0.7051451282204941, 0.8099763212844685, 0.5996054198224524, 0.9352748266643022
3.8998,68,2.063360329689569e-13,U,0.34427557960283095, 0.8803794790976881, 0.4106936000469725, 0.9438466261435909, 0.20669007256321845, 0.6394474233641233, 0.8991161119734938, 0.35373654247049746, 0.8915215824667118, 0.37715297463467834, 0.9160965908780071, 0.29975277280741947, 0.8185721069969638, 0.5791663669471807, 0.950508730205835, 0.1834539392556709, 0.5841845468479883, 0.9473119694884434, 0.19464682521385182, 0.6113304588395485, 0.9266140417390579, 0.2651881915332767, 0.7599283442749678, 0.7114688103344794, 0.8005546186088569, 0.6226690594240032, 0.9162669867937464, 0.29919965889291317, 0.8177070338993803, 0.5813129259342241, 0.9491653338548447, 0.18816731106538437, 0.5957349069612259, 0.9392076606320713, 0.2226654409580343, 0.6749989980994217, 0.8555199925202418, 0.48203686507480453, 0.9736916350911141, 0.09989819264738743, 0.35066433692862364, 0.8879800131946792, 0.3879189922078082, 0.9259601184303793, 0.2673624006809298, 0.7638918388444563, 0.7033722076065587, 0.8136532782265811, 0.5912939978008924, 0.9424467501843764, 0.2115285575053573, 0.6504251279283612, 0.8867064210059935, 0.39176666978687713, 0.9292659731915645, 0.25633667846875446, 0.7434117987502592, 0.7438895651544911, 0.7429816284581358, 0.7447055281185001, 0.7414268737412576, 0.7476426094656121, 0.7357875034829477, 0.7581377066343474, 0.7150865322279996, 0.7945366086943906, 0.6366352763041212, 0.9021438587900021
3.8912,69,2.1512488962083506e-14,U,0.3590734958099525, 0.8955196800857455, 0.36407694758554054, 0.9009097835774743, 0.3473726593444644, 0.8821540869742517, 0.40452235722109864, 0.9373278975709811, 0.22858585909591328, 0.6861522776532245, 0.8379595286457999, 0.528360198748706, 0.9696703044427253, 0.11443943370114597, 0.3943460750522026, 0.9293634999745289, 0.25544554760249993, 0.7400794678146291, 0.7485184273496157, 0.7324740063407722, 0.7625033505057877, 0.7046651552750544, 0.8098060923102249, 0.599323344523653, 0.9344128187228322, 0.2384741489984289, 0.7066583768883562, 0.8066158571469891, 0.6069755098673821, 0.9282700422110535, 0.25909466069940373, 0.7469727196022431, 0.7354542161250642, 0.7570769776782746, 0.7156361468740146, 0.7918632941701612, 0.6413313091188114, 0.8950750740874235, 0.3654447167204395, 0.9023493404855475, 0.3428731199500399, 0.8767307218431065, 0.4205374056799981, 0.9482297806796313, 0.19101925591570498, 0.6013106372438412, 0.9328613254847877, 0.2437100308667394, 0.7172082857393715, 0.7892153654307039, 0.64731852299815, 0.8883502700239314, 0.38594504451572775, 0.9221811968942354, 0.2792443295314057, 0.7831698934094371, 0.6607833943783983, 0.8722074217986148, 0.4337195147269189, 0.9557055586646699, 0.16472400532281367, 0.5353902367685107, 0.9679263931776831, 0.12080187817712856, 0.4132796218806535, 0.9435365262045009, 0.20730504161821459, 0.6394395781979778, 0.8971418576092021
3.9,70,1.9202844656311974e-13,U,0.34154590017733605, 0.8770799631726182, 0.4204617353575741, 0.9503272913849187, 0.18410078947229805, 0.5858099862731011, 0.9462829203976598, 0.1982430643492105, 0.6198767319679167, 0.9189553196174999, 0.2904581166403741, 0.8037595765605938, 0.6151474666261423, 0.9232901376253677, 0.2762192916174794, 0.7796965587676874, 0.6699023565527035, 0.8624194380275704, 0.4627433886651459, 0.9695865851562168, 0.11500491226116062, 0.3969372514261572, 0.9335744724399792, 0.24185138970873574, 0.7151012505182872, 0.7945526628993295, 0.6366310422377646, 0.9021946373583868, 0.34413394735260755, 0.8802525171652692, 0.41109129043895914, 0.9441714413203429, 0.2055757497900958, 0.6369260074645093, 0.9018799470713337, 0.345120781753574, 0.8814484682459662, 0.40753855768394365, 0.9416584385708548, 0.2142575121927022, 0.6565697995806155, 0.8793950016512152, 0.4136317876160904, 0.9459080743694709, 0.1995473579272306, 0.6229400184988201, 0.9160544322208882, 0.29990496677448186, 0.8188517129460673, 0.578500982090299, 0.9509666236623485, 0.18185350693606872, 0.5802529549093756, 0.9498819065904237, 0.18566445347800464, 0.5896533403516021, 0.9436528863988193, 0.20737125392098582, 0.641036826176073, 0.8974235932825028, 0.35901250125945294, 0.8974778482756485, 0.35884430450762617, 0.8972927715572506, 0.3594179693065972, 0.8979231013198646, 0.3574631012003249, 0.8957646066742275, 0.3641444668055764, 0.9030187689917896
3.9225,71,2.6096699211586626e-14,U,0.6592107329062453, 0.8811972445639471, 0.41064127174031095, 0.949303906864749, 0.1887742321603963, 0.6006858503195661, 0.9408601053169333, 0.2182571866754245, 0.6692608220564673, 0.8682484114730261, 0.4487069639631829, 0.9703049984213084, 0.11301981018408772, 0.39321623997668387, 0.9358976291649969, 0.23532355014449352, 0.7058396633584211, 0.8144288043973594, 0.5928251820211816, 0.9468267221982761, 0.19748171559263872, 0.6216483421079675, 0.922578593182697, 0.2801737120596916, 0.7910756912789337, 0.6482909597851104, 0.8943684061624771, 0.3705725399663524, 0.9149173690812883, 0.3053414301339618, 0.8319937915195625, 0.5482875300844449, 0.9714789633844038, 0.10868301034470956, 0.37997655087393345, 0.9241189228358893, 0.2750580138749295, 0.7821508260393809, 0.6683583498303698, 0.8694435655512937, 0.44524866997084994, 0.9688664898210033, 0.11831913225069679, 0.40919408284900993, 0.9482811845221666, 0.1923750099943491, 0.6094265300179809, 0.9336563359369585, 0.24296821007854305, 0.7214836998089308, 0.7882066476450714, 0.6548101010731365, 0.8866177083959574, 0.3943161672831478, 0.9368143131276794, 0.2321855460590482, 0.6992853281260654, 0.8248443167302352, 0.5667077763859414, 0.9631701596544258, 0.1391444240743336, 0.46984981116086244, 0.9770593145781027, 0.08792052469307728, 0.3145472599057003, 0.8457195604737221, 0.5117998981467217, 0.9800788405286192, 0.07658409372384282, 0.2773951610501556, 0.7862536935645567
3.9224,72,2.6387978188675226e-14,U,0.5839663404545311, 0.9529457215578507, 0.17588109583993047, 0.5685398616333351, 0.9621736919694319, 0.14275762467755432, 0.48001501719864675, 0.9790333952538338, 0.08051512924276576, 0.29038485523037694, 0.8082555926247826, 0.6078876276680099, 0.9349442830244927, 0.23857398133368934, 0.7125292075642188, 0.8034304320601678, 0.6194645257020966, 0.9246203979722275, 0.27338154313585794, 0.7791615198133991, 0.674922840983508, 0.8605824036321382, 0.47061084714066737, 0.9772121356277723, 0.08734626881581892, 0.31268156126344804, 0.8429700541624806, 0.5192141361359923, 0.9791519164931205, 0.08006968066841154, 0.2889182059363695, 0.8058354135052416, 0.613717138676256, 0.929877140685129, 0.2557626176976004, 0.7466213917000069, 0.7420313524253054, 0.7508290417959199, 0.7338213873239235, 0.7661528167544613, 0.7027476887114918, 0.819363373010153, 0.5805427979262959, 0.9551548330511244, 0.16801238735187646, 0.5482896443290576, 0.9714533956468479, 0.10877480334334158, 0.3802486171929614, 0.9243512398131021, 0.2742778415154517, 0.7807517869199854, 0.6714302900755805, 0.8653271581003882, 0.4571010713749626, 0.9733815363740845, 0.10162907420928445, 0.35811749495298406, 0.9016395571168352, 0.34786065694203216, 0.8898106402407541, 0.38458216023537845, 0.9283486202085809, 0.26090808339934424, 0.756376221364601, 0.7227854847852168, 0.785918060761188, 0.6599471831898749, 0.8802528430279435, 0.41345145810801726, 0.9512186740335283, 0.18200606025711222
3.919,73,5.408057228984456e-11,U,0.9655732984530285, 0.1302734532650959, 0.44403163782613303, 0.9674738988050178, 0.12332369527532505, 0.42370253395767915, 0.9569363122713662, 0.1614988803826226, 0.5306991917176875, 0.9760565761816642, 0.09158756405855574, 0.32605798681786435, 0.8611774259405209, 0.4685198477376486, 0.9758662710530599, 0.09229751363822442, 0.32832865716593623, 0.8642529552441838, 0.45977623583124844, 0.9734092492319028, 0.10143815266466821, 0.3572107906328503, 0.8998464561764643, 0.3531912982023584, 0.8952845966947688, 0.36740659336653203, 0.9108500159994247, 0.3182316740004764, 0.8502673203246098, 0.49893888010117915, 0.979745587302496, 0.07776930796656656, 0.2810755501607691, 0.7919205021440905, 0.6457823056571049, 0.8964615283612526, 0.3637547473389524, 0.9070025087879956, 0.3305635657760478, 0.8672405841545338, 0.4512115307780103, 0.9704215465769507, 0.11248928501479097, 0.3912551119791045, 0.9334060588216163, 0.24360185846454072, 0.7221149126342601, 0.7864060001294765, 0.6582807125090605, 0.8815681396906389, 0.4091661529554854, 0.9474151627336562, 0.19524329517942624, 0.6157664120474032, 0.9272281022015079, 0.26443902671335867, 0.7622887181999967, 0.7101409383273056, 0.8066900404865256, 0.6111336375211169, 0.9313476639617825, 0.2505776965624811, 0.7359431885133072, 0.7615824514213678, 0.7115909401237713, 0.8042935250314938, 0.6168719609950942, 0.9262201624092585, 0.2678102463976794, 0.768468551904285, 0.6972866509859532, 0.8272145932062243, 0.560145060562117
3.9245,74,2.5859164879165917e-14,U,0.9196541242547813, 0.28998293757611576, 0.8080264250348108, 0.6087673469493357, 0.9346968473004724, 0.23954618564161823, 0.7149018746454225, 0.7998805396828541, 0.6282012372031569, 0.9166236556884613, 0.2999288510043106, 0.824033290440043, 0.5690620235315565, 0.9624068496365246, 0.141988038778502, 0.4781117710998601, 0.9792447933820715, 0.07976321774948125, 0.28806240833821883, 0.8048461034407509, 0.6164167144500812, 0.9279368346675461, 0.26243157219101393, 0.7596310946542845, 0.7165811058054812, 0.7970370052743903, 0.6348625091694171, 0.9097466006587656, 0.32223175988907604, 0.8571047280444658, 0.48065789873592674, 0.9796567782993001, 0.07821283231126315, 0.2829391240118835, 0.7962205189643831, 0.6367634845649787, 0.9077201680872112, 0.3287328561673573, 0.8660098605826582, 0.4553863507873547, 0.9733137627317773, 0.10193528484309171, 0.3592663217558957, 0.9033964778300444, 0.3424961449308472, 0.8837681061127253, 0.4031326488474439, 0.9443003030435575, 0.20641787118759888, 0.6428705147779454, 0.9010181688198046, 0.3500042887707738, 0.892828799312085, 0.3755178798745602, 0.9203117398427371, 0.28781514327953217, 0.8044345385273803, 0.6174008163192365, 0.9270338061615756, 0.26546153288679697, 0.7652449558647196, 0.7050172474924734, 0.8161701343410286, 0.5888180329187201, 0.9501660206581487, 0.18582724856394608, 0.593759120110138, 0.9466256129162799, 0.19828756762614907, 0.6238762271888132, 0.9209022929843835, 0.2858655239300358, 0.8011726494580204, 0.6251533657147536
3.9256,75,4.87883406489179e-12,U,0.8647571960120088, 0.45910750904579317, 0.9748356281029835, 0.09629938934064738, 0.3416285470317402, 0.8829399964122657, 0.4057380788305011, 0.9465198279175635, 0.19871404188610878, 0.6250606139781898, 0.9200029990189369, 0.2889142706877522, 0.8064863140957406, 0.612653236326191, 0.9315811853040562, 0.2502086385376127, 0.7364593448401036, 0.7619078417702644, 0.7121206510649771, 0.8047669582603332, 0.6167788922852133, 0.9278653771069963, 0.26274519359331366, 0.760428591679036, 0.715153829565772, 0.7996793815687661, 0.6288507682915133, 0.916225145567152, 0.3013158196525109, 0.8264353559405, 0.5630879006636315, 0.9657757853502578, 0.12975253404246978, 0.4432662448500791, 0.968764596797977, 0.11878768554783131, 0.4109207036946179, 0.9502498888836033, 0.18558288744672505, 0.5933225615122206, 0.947211555127439, 0.1962871640649291, 0.619296819764459, 0.9255319159780648, 0.2705625133529365, 0.7747502909690668, 0.6850653969952915, 0.8469513359065892, 0.5088549991244142, 0.9810921897412972, 0.07282107718993258, 0.2650493199350538, 0.7646997273095638, 0.7063491238044223, 0.8142481055111791, 0.5937396519937785, 0.9469052724798238, 0.19736219931816543, 0.6218557154909231, 0.9231094902743776, 0.27863264703158735, 0.7890318409280749, 0.6534577114561403, 0.8889549888074545, 0.3875117438860464, 0.9317269973633753, 0.24971448108919475, 0.7354892634628438, 0.763705093549456, 0.7084122985457667, 0.8108888703116546, 0.6019833418578372, 0.9405713967240571, 0.219428652331941, 0.6723756643871577
3.9287,76,3.1100209508064315e-14,U,0.8691821993593792, 0.4467108835925751, 0.9710185530338935, 0.11055960022307179, 0.3863333308073062, 0.9314157572217212, 0.250967101996032, 0.7385273023467337, 0.7586505371744505, 0.7193445756346118, 0.7931572172146296, 0.6445379882604563, 0.9000996245010728, 0.3532698451855987, 0.8975911170156289, 0.36113122572936845, 0.9064118415804184, 0.3332693228016965, 0.8729606022886456, 0.435694358816246, 0.9659289789120833, 0.1292942501344848, 0.4422822303542975, 0.9690871608770166, 0.11769299111018551, 0.4079615154918928, 0.9488946576693619, 0.1905167525593017, 0.6058845836900693, 0.9381282029101303, 0.22803619703076775, 0.6915914148099978, 0.8379631474517338, 0.5334424649063002, 0.9777811479740908, 0.08535169361036793, 0.30670096647565387, 0.8353810245707859, 0.5402731282074847, 0.9758029438197394, 0.09276273047795837, 0.33063077365886595, 0.8694765678279013, 0.445856635511055, 0.9706580005566355, 0.11189348743181242, 0.39040802083011306, 0.9349897340618623, 0.2388018307442672, 0.7141414711921018, 0.8020182946812208, 0.6238184317993588, 0.9219440843759871, 0.28272178321767366, 0.7967017664622718, 0.6363239243078868, 0.9091632049849399, 0.32445354261456444, 0.861105985833045, 0.46988221208539666, 0.9786113502904383, 0.0822323086885469, 0.2964996022555277, 0.8194780574385643, 0.5811874054019962, 0.9562793872653159, 0.16425549271719236, 0.539314751196061, 0.9761026061744401, 0.09164206778713857, 0.3270399139124673, 0.8646471876277246, 0.45978530206477874, 0.9758214202035264, 0.09269365380781383, 0.33040972157921694
3.9084,77,2.642586783199789e-14,U,0.10981884886565034, 0.3820799830900633, 0.9227531883913854, 0.2785897424795007, 0.7855004526544178, 0.6585243287119644, 0.8788820534175762, 0.4160428859051397, 0.9495504817773043, 0.1872294175621989, 0.5947590610971197, 0.942005383376826, 0.21352074258198317, 0.6563361857045459, 0.8815747840286102, 0.4080396341019515, 0.9440477989504712, 0.2064477548031201, 0.6403017568919516, 0.9001647758537333, 0.35124068592532603, 0.8906097128549254, 0.380772165709908, 0.9215410134465841, 0.2825897251929168, 0.7923607676806333, 0.643030219457422, 0.8971433454487551, 0.36065606451709853, 0.9012116432603451, 0.34796179294352453, 0.8867549248429024, 0.39248398290418957, 0.9319200922355984, 0.24796857058540447, 0.7288390518223522, 0.7724275991903153, 0.6870310713845387, 0.84038173829136, 0.5242738400140304, 0.9747970952525999, 0.09602047035885822, 0.3392512290934949, 0.8761062899372642, 0.42423359890436835, 0.9546636440142681, 0.1691593463203189, 0.5493039747836567, 0.9675991410668694, 0.12253241753024889, 0.4202242274024718, 0.9522262627545176, 0.17779861619393053, 0.5713544109199672, 0.9572005691683864, 0.16011792242544137, 0.525602309496133, 0.9745381288016975, 0.09698133476242804, 0.34228186435944014, 0.879878509704654, 0.4130878551418898, 0.947577037141275, 0.19414897199788772, 0.6114893030620279, 0.9285191168172421, 0.25940584891525265, 0.7508601338263541, 0.7311412349241884, 0.7682887644470616, 0.6957778191652498, 0.8272951143216974, 0.5584240161788592, 0.963759201629178, 0.13651026151103857, 0.4607034708156941, 0.9710645814723314
3.9021,78,2.1792088236920502e-14,U,0.2076494519049925, 0.6420170278410998, 0.8968241842763898, 0.3610635246063978, 0.9002014206174824, 0.35056007097758574, 0.8883821618797145, 0.3869294902234936, 0.9256368849192552, 0.2685941943739194, 0.7665728250194813, 0.698237594699237, 0.8221797124843586, 0.570487928656648, 0.9561372285124304, 0.16364950372390177, 0.5340739637754827, 0.9709945252977301, 0.10989935757430004, 0.3817092313647551, 0.9209240621346805, 0.2841623704337783, 0.7937422285337071, 0.6388342649432701, 0.9003122054213245, 0.35021401423399023, 0.8879781027583914, 0.3881535612247344, 0.9267111889055138, 0.2650211158037393, 0.7600702518696951, 0.711600473235084, 0.8008094079375111, 0.6224384091457099, 0.9170279788224126, 0.2969016771254908, 0.8145675551073059, 0.5894014869997419, 0.9443369745623731, 0.2051125326147295, 0.6362037750598102, 0.9031353153883657, 0.3413631902249415, 0.8773261662405555, 0.4199633730787657, 0.9505286872597147, 0.18349196782265664, 0.5846230233098717, 0.9475818430932421, 0.19381923359653958, 0.6097161513202971, 0.9285529489127934, 0.2588745618917341, 0.7486511429771815, 0.7342683379540527, 0.761371297272006, 0.7089532139475807, 0.8051536730500086, 0.6121662703091755, 0.9264316177676133, 0.2659518216938481, 0.7617736209486161, 0.7081319249641445, 0.8064903273756096, 0.6089760827046206, 0.9291844931017238, 0.2567607978448139, 0.7446560459362667, 0.7419586360089347, 0.7470805296354812, 0.737306523857633, 0.7557806333538087, 0.7202350538063477, 0.7862595748864264, 0.6557691940219356, 0.8808442824678574, 0.4095551778232912, 0.9436047845932487
3.9347,79,3.7840731182770294e-14,U,0.4699977645781574, 0.9801332422374786, 0.07661675264279318, 0.2783667487605854, 0.7903974285431747, 0.6518591265047898, 0.8929361187767817, 0.37616206745414604, 0.9233330957810554, 0.2785338324876384, 0.7906887328864721, 0.6511930883360215, 0.8937303157100903, 0.373703792529879, 0.9209136547156498, 0.2865708713942724, 0.8044415733892115, 0.6189886226251882, 0.9279663672311622, 0.26301418938555976, 0.7626932987901145, 0.7121501304137393, 0.8065832900243308, 0.6138395084974843, 0.9326835162404851, 0.24704004024235243, 0.7318984998406478, 0.772078975585739, 0.6924010852496721, 0.8380195765766165, 0.5341070607937917, 0.9790977965572527, 0.08052482115883201, 0.29132744784052866, 0.8123415023828269, 0.599816629638387, 0.944472169169302, 0.2063533380842854, 0.6443922638251741, 0.9016399445079375, 0.348950266222733, 0.8939007979447112, 0.37317545237606176, 0.920387452101899, 0.28831274278656716, 0.8073552111486012, 0.6119748065652543, 0.9343403255107333, 0.2413878706901402, 0.720521345538011, 0.7923318616970354, 0.6474237325508022, 0.8981591866499828, 0.3599041055306662, 0.9064491953463089, 0.33365882833971944, 0.8748042693086626, 0.4309352679230657, 0.9649067280328262, 0.13323576567404066, 0.45439488071099143, 0.9754915050754616, 0.09407013319663925, 0.3353188453546468, 0.8769663975586979, 0.42453970976368227, 0.9612698132675892, 0.14648950806559755, 0.49195684768356013, 0.9834204552103952, 0.06415395941118063, 0.23623241926482777, 0.7099247922954993, 0.8102789940416122, 0.6048694138616698, 0.9404027670310684, 0.22052184636323713, 0.676343301464066, 0.8613177916011368